ID,NAME,ADDRESS,PHONE,ADULT_PSC,CHILD_PSC,UP_DATE
61,桃園市大溪區衛生所,桃園市大溪區仁愛路１號,(03)3882401,1637,1194,2020-10-22
62,桃園市楊梅區衛生所,桃園市楊梅區校前路４０９號,(03)4750151,2313,679,2020-10-22
63,桃園市大園區衛生所,桃園市大園區田心里中正西路１９號,(03)3862024,3744,454,2020-10-22
64,桃園市八德區衛生所,桃園市八德區大華里介壽路二段３６１巷２８號,(03)3662781,2064,1169,2020-10-22
65,桃園市龍潭區衛生所,桃園市龍潭區中正路２１０號１至２樓,(03)4792033,2715,859,2020-10-22
66,桃園市平鎮區衛生所,桃園市平鎮區新富里１鄰振興路１號,(03)4576624,1179,930,2020-10-22
67,桃園市新屋區衛生所,桃園市新屋區新屋里中山路２３９號,(03)4772018,2395,1027,2020-10-22
68,桃園市觀音區衛生所,桃園市觀音區觀新路５８號,(03)4732031,3144,1285,2020-10-22
69,桃園市復興區衛生所,桃園市復興區澤仁里中正路２５號,(03)3822325,2178,50,2020-10-22
3452,家佳藥局,桃園市桃園區瑞慶里莊一街８０號,(03)3175618,4710,589,2020-10-22
3453,均康藥局,桃園市桃園區中聖里國鼎一街２７號１樓之４,(03)2170172,3186,150,2020-10-22
3454,新華興清溪藥局,桃園市桃園區東門里中山東路１０號１樓,(03)3330011,3004,30,2020-10-22
3455,宏偉藥師藥局,桃園市桃園區上海路５５號,(03)3698551,4816,300,2020-10-22
3456,世興藥局,桃園市桃園區桃鶯路４５２號２樓,(03)3635470,252,160,2020-10-22
3457,維美藥局,桃園市桃園區成功路二段８７號１樓,(03)3359033,1209,499,2020-10-22
3458,泓德藥局,桃園市桃園區中正路１０８９號之１,(03)3169816,2040,1108,2020-10-22
3459,大愛藥師藥局,桃園市桃園區中正路４３５號,(03)3376771,2558,373,2020-10-22
3460,幸運草健保藥局,桃園市桃園區縣府路２８０號,(03)3379977,3747,170,2020-10-22
3461,維格藥局,桃園市桃園區大興西路二段１２９號,(03)3016639,1008,109,2020-10-22
3462,大興藥局,桃園市桃園區大德一街９６號,(03)3266868,4543,920,2020-10-22
3463,新生藥局,桃園市桃園區新民街４號１樓,(03)3354011,1395,940,2020-10-22
3464,家福聯合藥局,桃園市桃園區中山路６２３號,(03)2289492,4158,1142,2020-10-22
3465,文安藥局,桃園市桃園區中正路６９９號,(03)3558999,2325,107,2020-10-22
3466,必安藥局,桃園市桃園區永樂街６４號,(03)3324010,2799,860,2020-10-22
3467,三芳藥局,桃園市桃園區民族路２３２號,(03)3390986,3080,1177,2020-10-22
3468,郁祥藥局,桃園市桃園區成功里春日路２１６號,(03)3335495,4483,698,2020-10-22
3469,明光藥局,桃園市桃園區中山東路１１７之１號,(03)3380427,3582,300,2020-10-22
3470,正安藥局,桃園市桃園區東山里安東街５８號,(03)3329461,2609,690,2020-10-22
3471,中山藥局,桃園市桃園區玉山里復興路３６９號,(03)3346614,3375,310,2020-10-22
3472,永祥大藥局,桃園市桃園區永安路５２８號,(03)3337161,999,930,2020-10-22
3473,健安藥局,桃園市桃園區北門里民生路２９５號,(03)3344624,3978,830,2020-10-22
3474,長鴻藥師藥局,桃園市桃園區中興里永安路２７７之５號,(03)3324728,3546,196,2020-10-22
3475,聖昌藥師藥局,桃園市桃園區莊敬里中正路１２３８號１樓,(03)3266654,4851,922,2020-10-22
3476,吉生藥局,桃園市桃園區延平路３２號,(03)3626220,4743,20,2020-10-22
3477,悅藥坊人文藥局,桃園市桃園區桃智路６號,(03)3761688,2970,1390,2020-10-22
3478,迦南藥局,桃園市桃園區國聖一街６１號１樓之１,(03)3609938,0,540,2020-10-22
3479,美德藥師藥局,桃園市桃園區中正路２３０號,(03)3354160,1008,140,2020-10-22
3480,益兒康藥局,桃園市桃園區國際路二段４０號,(03)3798851,2684,843,2020-10-22
3481,桃園大興藥局,桃園市桃園區大興西路二段７６巷３號,(03)3013222,2653,270,2020-10-22
3482,天濟堂藥局,桃園市桃園區桃鶯路３８８之８號,(03)3614983,3062,593,2020-10-22
3483,中平啄木鳥藥局,桃園市桃園區中平路１３６號,(03)2207457,4071,690,2020-10-22
3484,南門藥局,桃園市桃園區南華街５３號,(03)3335395,3105,480,2020-10-22
3485,熊寶寶藥局,桃園市桃園區延平路１１１號,(03)3636915,378,20,2020-10-22
3486,永明藥師藥局,桃園市桃園區永安路２６４號,(03)3343606,1421,1199,2020-10-22
3487,仁悅藥局,桃園市桃園區中山路６８號,(03)3361718,2286,360,2020-10-22
3488,桃康藥局,桃園市桃園區桃鶯路２０３號,(03)3641815,3483,1110,2020-10-22
3489,北桃藥師藥局,桃園市桃園區中正路３５２號,(03)3366816,1872,30,2020-10-22
3490,龍城藥局,桃園市桃園區龍壽里龍城五街６０號,(03)2170662,4415,647,2020-10-22
3491,合新藥局,桃園市桃園區自強路８９號１樓,(03)3325290,1620,79,2020-10-22
3492,大象健保藥局,桃園市桃園區龍安街１２７號,(03)3797028,1458,900,2020-10-22
3493,躍獅省桃藥局,桃園市桃園區龍壽街２４號,(03)3791488,1744,1178,2020-10-22
3494,合豐藥局,桃園市桃園區中山東路８２號,(03)3394007,2646,808,2020-10-22
3495,妮妮藥局,桃園市桃園區天祥三街３８號,(03)3585982,3275,860,2020-10-22
3496,芳鄰藥局,桃園市桃園區昆明路３９號,(03)3679498,2277,624,2020-10-22
3497,桃園中正藥局,桃園市桃園區中正路３７３號,(03)3381600,4117,0,2020-10-22
3498,欣立藥局,桃園市桃園區龍安街１８１－１號１樓,(03)3792001,3012,0,2020-10-22
3499,和康藥局,桃園市桃園區三民路三段５６９號１樓,(03)3672399,5346,564,2020-10-22
3500,乙川藥局,桃園市桃園區中正路５７６號,(03)3368758,36,662,2020-10-22
3501,杏昌藥局,桃園市桃園區同安里中正路１１００號１樓,(03)3573268,36,0,2020-10-22
3502,新華興藥局,桃園市桃園區中正路６６５號,(03)3267777,2574,530,2020-10-22
3503,桃元松藥局,桃園市桃園區建華三街４２號,(03)3611066,2743,230,2020-10-22
3504,金安藥局,桃園市桃園區南華街１４８號,(03)3398088,3814,929,2020-10-22
3505,桃園春日藥局,桃園市桃園區春日路８７８號,(03)3580101,3413,470,2020-10-22
3506,星欣藥局,桃園市桃園區國鼎一街１７號１樓,(03)3700552,1053,790,2020-10-22
3507,桃園民光藥局,桃園市桃園區中正路５６９號,(03)3364888,43,689,2020-10-22
3508,桃園寶山藥局,桃園市桃園區寶山街７２號,(03)3250562,5345,204,2020-10-22
3509,桃園中山藥局,桃園市桃園區中山路７０７號,(03)2207168,3630,9,2020-10-22
3510,大滝藥局,桃園市桃園區龍壽街７４－２號,(03)3607258,4698,290,2020-10-22
3511,全球龍安藥局,桃園市桃園區龍安街１１１號,(03)3609639,3285,200,2020-10-22
3512,桃園大有藥局,桃園市桃園區大有路５５６號,(03)3460793,2174,69,2020-10-22
3513,莊敬長青藥師藥局,桃園市桃園區莊敬路一段３２３號１樓,(03)3587676,3627,240,2020-10-22
3514,益壽藥局,桃園市桃園區中山路８２８、８３０、８３２、８３４、８３６號,(03)3693100,5987,199,2020-10-22
3515,桃鶯藥局,桃園市桃園區桃鶯路１０２號,(03)3675100,3402,880,2020-10-22
3516,康橋藥局,桃園市桃園區國際路１０２９號,(03)2173588,3914,640,2020-10-22
3517,合祥藥局,桃園市桃園區國際路二段８號１樓,(03)3703010,1174,596,2020-10-22
3518,安慶藥局,桃園市桃園區安慶街９１號,(03)3027267,2456,890,2020-10-22
3519,同德辰安藥局,桃園市桃園區同德十街２５號,3012028,3609,850,2020-10-22
3520,力行藥局,桃園市桃園區力行路９８號,(03)3391368,3196,974,2020-10-22
3521,大廟藥局,桃園市桃園區中山路１５８號１樓,3337006,4752,470,2020-10-22
3522,奇美大藥局,桃園市桃園區中正五街１８５號,3587727,3717,1313,2020-10-22
3523,桃園南平藥局,桃園市桃園區南平路３０２－１號１樓,(03)3165222,3463,757,2020-10-22
3524,新資生民安大藥局,桃園市桃園區民安路９８號１樓,(03)3310098,3852,780,2020-10-22
3525,佳赫藥局,桃園市桃園區龍壽街４８號,(03)3701037,5681,1031,2020-10-22
3526,榮生藥師藥局,桃園市桃園區民生路２７５號一樓,(03)3396120,4167,658,2020-10-22
3527,立人堂藥局,桃園市桃園區中山路397號,(03)3372239,4419,1060,2020-10-22
3528,全安藥師藥局,桃園市桃園區寶慶路４２９號,(03)3023107,1818,760,2020-10-22
3529,同德藥局（原為桃得藥師藥局）,桃園市桃園區同德十街４３號,(03)2150270,5049,170,2020-10-22
3530,達安藥師藥局,桃園市桃園區大有路６４６號一樓,(03)3583582,3562,206,2020-10-22
3531,保安藥師藥局,桃園市桃園區春日路一三七二號,(03)3578722,3933,740,2020-10-22
3532,新永安藥師藥局,桃園市桃園區永安路４６６號,(03)3471180,4055,0,2020-10-22
3533,五代全民藥局,桃園市桃園區中山路九十七號,(03)3355001,3420,128,2020-10-22
3534,品一藥局,桃園市桃園區建新街７６號,(03)3638510,3005,570,2020-10-22
3535,民富大藥局,桃園市桃園區大有路４８８號,(03)3469976,1026,990,2020-10-22
3536,聖欣藥局,桃園市桃園區中山路５２３號一樓,(03)3328832,3781,837,2020-10-22
3537,滿庭芳藥局,桃園市桃園區三民路三段２８２號,(03)3379496,3122,943,2020-10-22
3538,均安藥局,桃園市桃園區寶山街６１號,(03)3581695,2106,807,2020-10-22
3539,大一藥局,桃園市桃園區中山路684之一號一樓,(03)2171836,2313,368,2020-10-22
3540,慈安藥局,桃園市桃園區永安路３８３號,(03)3369599,2736,1017,2020-10-22
3541,馨丰藥局,桃園市桃園區育樂街23號1樓,(03)3319628,4414,340,2020-10-22
3542,同生藥師藥局,桃園市桃園區永安路二五九號一樓,(03)3349791,1485,800,2020-10-22
3543,親子藥局,桃園市桃園區南平路１９５號,(03)3172318,3051,1357,2020-10-22
3544,莘莘藥局,桃園市桃園區莊敬路一段３６８號,(03)3170681,3322,1420,2020-10-22
3545,正欣藥局,桃園市桃園區莊敬路一段三四二之六號一樓,(03)3174677,3681,808,2020-10-22
3546,元氣藥局,桃園市桃園區民光東路一Ｏ九號,(03)3332201,3231,718,2020-10-22
3547,悅民藥局,桃園市桃園區中山東路１１９－１號,(03)3350452,3996,160,2020-10-22
3548,力美藥局,桃園市桃園區永安路三七七號,(03)3334191,3434,1080,2020-10-22
3549,康泰藥局,桃園市桃園區大業路一段三二三號,(03)3588299,892,247,2020-10-22
3550,永忻藥局,桃園市桃園區大興路一九三號一樓,(03)3587669,1746,980,2020-10-22
3551,昌維藥師藥局,桃園市桃園區縣府路二二號二樓,(03)3315091,1467,70,2020-10-22
3552,啄木鳥藥局,桃園市桃園區南平路４１１號,(03)3467698,4977,360,2020-10-22
3553,大國民藥局,桃園市桃園區中正路５７８號１樓,(03)3355575,16,1050,2020-10-22
3554,大心藥局,桃園市桃園區中平路１４１號,(03)2209842,0,8,2020-10-22
3555,佑您康聯合藥局,桃園市桃園區寶山街３８５號,(03)3463999,1686,1177,2020-10-22
3556,大田大藥局,桃園市桃園區中正路３８０號,(03)3372886,1220,910,2020-10-22
3557,德泰藥局,桃園市中壢區健行路１２７號,(03)4686457,2490,0,2020-10-22
3558,回生藥局,桃園市中壢區福州二街４０８號,(03)4616483,1712,197,2020-10-22
3559,日進藥局,桃園市中壢區中山東路二段１５６號,(03)4569132,2178,900,2020-10-22
3560,新元藥局,桃園市中壢區龍平里龍東路４４號,(03)4563356,625,858,2020-10-22
3561,禾安藥局,桃園市中壢區福德路５２號１F,(03)4627066,3870,389,2020-10-22
3562,生富藥師藥局,桃園市中壢區新明里中央西路二段７６號,(03)4941475,4044,220,2020-10-22
3563,國泰藥局,桃園市中壢區中正路３４２號,(03)4937136,0,202,2020-10-22
3564,崧德堂藥局,桃園市中壢區文化路３６２號,(03)4555035,2,385,2020-10-22
3565,成星藥局,桃園市中壢區水尾里環北路４３７號,(03)4528435,502,1010,2020-10-22
3566,立昇藥局,桃園市中壢區成功里成功路１２３號,(03)4557032,2682,210,2020-10-22
3567,仁德堂藥局,桃園市中壢區中山路４８１號,(03)4936375,3019,1026,2020-10-22
3568,廣怡藥局,桃園市中壢區華勛街２５６號,(03)4366885,2917,413,2020-10-22
3569,井田藥局,桃園市中壢區東興里中北路二段八號一樓,(03)4572003,3654,850,2020-10-22
3570,新生藥師藥局,桃園市中壢區民權路５２號,(03)4919796,2016,830,2020-10-22
3571,優良藥局,桃園市中壢區長春路２０號,(03)4612336,4572,602,2020-10-22
3572,懷仁藥師健保藥局,桃園市中壢區中北路９３號１樓,(03)4378466,3669,860,2020-10-22
3573,全球永美大藥局,桃園市中壢區中山東路二段５３０號１至２樓,(03)4661839,4482,130,2020-10-22
3574,領耀大藥局,桃園市中壢區中央里元化路９７號１樓,(03)4253038,4194,780,2020-10-22
3575,同慶大藥局,桃園市中壢區健行路５２、５４號１樓,(03)4688239,4500,453,2020-10-22
3576,日光健康藥局,桃園市中壢區華祥一街２號１樓,(03)4383559,3656,630,2020-10-22
3577,立康專業藥局,桃園市中壢區莊敬路８６５號,(03)4553121,4752,1257,2020-10-22
3578,慧中健保藥局,桃園市中壢區成章二街１４１號１樓,(03)4556129,2974,1028,2020-10-22
3579,億源藥局,桃園市中壢區林森路１７６號,(03)4595111,2796,1219,2020-10-22
3580,躍獅新明藥局,桃園市中壢區新明路６６號１樓,(03)2813361,1818,210,2020-10-22
3581,星康生活藥局,桃園市中壢區中美路二段94號,(03)4252869,3945,816,2020-10-22
3582,育康藥局,桃園市中壢區中正路３６６號,(03)4278266,2871,880,2020-10-22
3583,宜美大藥局,桃園市中壢區莊敬路７１６號,(03)4637687,3492,499,2020-10-22
3584,得康藥局,桃園市中壢區龍岡路二段８９、９１號,(03)4686738,0,1100,2020-10-22
3585,家佳聯合藥局,桃園市中壢區中光路１４號,(03)4273960,4090,865,2020-10-22
3586,安和藥局,桃園市中壢區龍東路３６８號１樓,(03)4378627,2655,770,2020-10-22
3587,東南藥局,桃園市中壢區慈惠三街１３７號,(03)4273116,1800,910,2020-10-22
3588,博士藥師藥局,桃園市中壢區健行路２２０號,(03)4280557,1152,1028,2020-10-22
3589,安利藥局,桃園市中壢區龍東路５０４號,(03)4562824,3035,116,2020-10-22
3590,佳敬藥局,桃園市中壢區莊敬路１６０號,(03)2713595,3836,990,2020-10-22
3591,仁心藥局,桃園市中壢區福州一街７９號,(03)4617575,2447,0,2020-10-22
3592,得群藥局,桃園市中壢區自強六路４２號,(03)4535953,0,400,2020-10-22
3593,美佑康活力藥局,桃園市中壢區五福里中正路６２７號,(03)2810018,4275,520,2020-10-22
3594,鴻安中西藥局,桃園市中壢區新中北路二段１９１號１樓,(03)4520615,4401,650,2020-10-22
3595,辰鴻藥局,桃園市中壢區環中東路１１０號,(03)4638639,5319,290,2020-10-22
3596,中壢民權藥局,桃園市中壢區民權路３２６、３２８號,(03)4014961,3843,320,2020-10-22
3597,長偕社區藥局,桃園市中壢區環中東路１６０號,(03)4631995,4728,400,2020-10-22
3598,杏一中壢天晟藥局,桃園市中壢區延平路１７３號１樓,(03)4554517,1593,1070,2020-10-22
3599,中民社區藥局,桃園市中壢區民族路二段１８２號,(03)4922642,1295,6,2020-10-22
3600,資生內壢大藥局,桃園市中壢區成章一街１６２號１樓,(03)4628651,3655,890,2020-10-22
3601,康華藥局,桃園市中壢區忠孝路１４號１樓,(03)4632313,967,9,2020-10-22
3602,佳華藥局,桃園市中壢區六和路４６號,(03)4278960,1499,1190,2020-10-22
3603,聖康藥局,桃園市中壢區洽溪里永平街６３號１樓,(03)2871491,986,392,2020-10-22
3604,中壢環東藥局,桃園市中壢區中山東路二段１９３號,(03)4562345,2748,2,2020-10-22
3605,博鈞藥局,桃園市中壢區元化路２２６號２樓,(03)4256093,1533,295,2020-10-22
3606,晟康健保藥局,桃園市中壢區永光里環北路４號１樓桃園市中壢區民權路二段３４號,(03)4950218,927,530,2020-10-22
3607,新資生榮民大藥局,桃園市中壢區興仁里榮民路１０３號,(03)4636831,3843,458,2020-10-22
3608,欣安藥局,桃園市中壢區龍岡路三段１７６號,(03)4285880,4374,558,2020-10-22
3609,中力藥局,桃園市中壢區復興路５４號,(03)4273119,2844,470,2020-10-22
3610,敏康藥局,桃園市中壢區福德路３４號之１樓,(03)4611961,2979,1000,2020-10-22
3611,環中藥局,桃園市中壢區環中東路１８１號,(03)4618873,3100,9,2020-10-22
3612,大順藥局,桃園市中壢區興仁路三段５６號,(03)4654675,3482,441,2020-10-22
3613,少同藥局,桃園市中壢區中正路四段５９０號,(03)4989082,828,970,2020-10-22
3614,德春藥局,桃園市中壢區中山路４４５號,(03)4933495,3476,0,2020-10-22
3615,內壢成章藥局,桃園市中壢區忠孝路１９８號,(03)4524123,3559,408,2020-10-22
3616,天晟社區藥局,桃園市中壢區新街里延平路１５１號１樓,(03)4629292,1125,1039,2020-10-22
3617,新資生信義大藥局,桃園市中壢區信義路１４７號,(03)4636831,2709,1020,2020-10-22
3618,大賀藥局,桃園市中壢區龍東路３９９號１樓,(03)4375977,27,0,2020-10-22
3619,樂謙藥師藥局,桃園市中壢區龍東路１３４號,(03)4662775,1834,266,2020-10-22
3620,思琁藥師藥局,桃園市中壢區中北路二段４３０號,(03)4162189,3387,481,2020-10-22
3621,生源藥局,桃園市中壢區中光路７１號,(03)4221606,2204,605,2020-10-22
3622,福安藥局,桃園市中壢區元化路２３２號,(03)4266000,4050,810,2020-10-22
3623,祥合藥局,桃園市中壢區中北路二段４３１號,(03)2841880,3393,210,2020-10-22
3624,幸一藥局,桃園市中壢區民族路４６號,(03)4013150,3195,0,2020-10-22
3625,鈞育藥局,桃園市中壢區吉林路１２７號,(03)4622031,2835,590,2020-10-22
3626,大崙大藥局,桃園市中壢區內厝里中正路４段１１３號,(03)4983597,3716,766,2020-10-22
3627,永崴大藥局,桃園市中壢區莊敬路７８３、７８５號,(03)4513537,2628,390,2020-10-22
3628,佑全中壢中正藥局,桃園市中壢區中正路１０８號１、２樓,(03)2807899,1800,750,2020-10-22
3629,政昇藥局,桃園市中壢區青峰路一段４３號９樓,(03)2873953,1167,1056,2020-10-22
3630,東興藥局,桃園市中壢區中北路２段３９號,(03)4282611,3399,510,2020-10-22
3631,內壢丁丁藥局,桃園市中壢區環中東路３２５號１樓,4535351,2034,320,2020-10-22
3632,佑全中壢中山藥局,桃園市中壢區中山東路二段２７號１樓,(03)4385373,5517,360,2020-10-22
3633,晴一藥局,桃園市中壢區民族路五段２５８號１樓,(03)4909427,3771,167,2020-10-22
3634,健新藥局,桃園市中壢區忠孝路８０號２樓,(03)4555750,1282,1037,2020-10-22
3635,劉藥局,桃園市中壢區中平路１６９號,(03)4223338,3249,439,2020-10-22
3636,千福藥局,桃園市中壢區高鐵站前西路二段８７號,(03)4533789,3060,780,2020-10-22
3637,田倉藥局,桃園市中壢區龍東路二五八號,(03)4379331,3663,146,2020-10-22
3638,福泰藥師藥局,桃園市中壢區慈惠三街１１２號１樓,(03)4224130,5548,385,2020-10-22
3639,新典藥局,桃園市中壢區龍東路４２５號,(03)4371986,981,940,2020-10-22
3640,康和藥局,桃園市中壢區中光路５３號一樓,(03)4253281,3066,8,2020-10-22
3641,佳倫藥局,桃園市中壢區內壢里忠孝路１５１號之一,(03)4358385,1449,480,2020-10-22
3642,宏瑞藥局,桃園市中壢區興仁路三段９５號,(03)4385067,988,547,2020-10-22
3643,冠昇藥局,桃園市中壢區慈惠三街１１７號２樓,(03)4260227,2655,164,2020-10-22
3644,澤仁藥局,桃園市中壢區中正路２６３號,(03)4252254,477,1020,2020-10-22
3645,福德藥局,桃園市中壢區福德路３０號,(03)4511208,6624,330,2020-10-22
3646,益昌藥局,桃園市中壢區龍岡路二段１２５號,(03)2842862,3303,870,2020-10-22
3647,佳佑藥局,桃園市中壢區環中東路二四一號,(03)4356190,1719,980,2020-10-22
3648,幸福藥局,桃園市中壢區中光路３號,(03)4223092,0,1120,2020-10-22
3649,永康藥局,桃園市中壢區中華路一段六九八號二樓,(03)4627301,2968,1218,2020-10-22
3650,美十藥局,桃園市中壢區健行路七九號一樓,(03)2840520,3733,895,2020-10-22
3651,慧康藥局,桃園市中壢區中北路二段１０１號１樓,(03)2840064,2169,710,2020-10-22
3652,康博藥局,桃園市中壢區元化路二七二號一樓,(03)4256302,1035,895,2020-10-22
3653,健康生活藥局,桃園市中壢區中山路二五號,(03)4272729,2574,590,2020-10-22
3654,上禾藥師藥局,桃園市中壢區新生路２１５號,(03)4269277,1725,1137,2020-10-22
3655,永豐藥局,桃園市中壢區民族路五段四六Ｏ號,(03)4205339,0,310,2020-10-22
3656,佳音健保藥局,桃園市中壢區興仁路一段１４４號２樓,(03)4516813,1535,939,2020-10-22
3657,祐達藥局,桃園市中壢區民族路二九八號,(03)4015995,4059,819,2020-10-22
3658,榮善堂藥局,桃園市中壢區前龍街九號,(03)4564946,2411,39,2020-10-22
3659,自立藥局,桃園市中壢區永福路１０１３號,(03)4558980,4653,1333,2020-10-22
3660,千葉大藥局,桃園市中壢區新生路三Ｏ七號,(03)4251886,5465,264,2020-10-22
3661,康林藥局,桃園市中壢區龍東路３５４號,(03)4659696,70,7,2020-10-22
3662,愛康藥師藥局,桃園市中壢區龍岡路一段２３０號１樓,(03)4285907,3654,410,2020-10-22
3663,中央藥局,桃園市中壢區中北路二段５６號,(03)4579676,4043,148,2020-10-22
3664,中壢聯合藥局,桃園市中壢區大同路１３１號,(03)4250641,5580,440,2020-10-22
3665,慈航藥局,桃園市大溪區康莊路１４４號,(03)3885511,5673,575,2020-10-22
3666,吉壽藥局,桃園市大溪區員林路三段４２號,(03)3802049,4685,842,2020-10-22
3667,吉新藥局,桃園市大溪區福仁里和平路２３號,(03)3882171,864,150,2020-10-22
3668,永耘藥局,桃園市大溪區介壽路６４號,(03)3804770,2646,600,2020-10-22
3669,資生大藥局,桃園市大溪區康莊路１３２號,(03)3882276,4751,840,2020-10-22
3670,田心藥局,桃園市大溪區和二路64號,(03)3874426,3294,852,2020-10-22
3671,濟德藥局,桃園市大溪區復興路一號一樓,(03)3883361,1116,1110,2020-10-22
3672,宜暉健保藥局,桃園市大溪區介壽路７１８號,(03)3806695,4289,169,2020-10-22
3673,安欣大藥局,桃園縣大溪鎮介壽路７５８號,(03)3893573,1548,960,2020-10-22
3674,甯慶藥局,桃園市大溪區介壽路１１７９號,(03)3801199,3870,160,2020-10-22
3675,德安堂藥局,桃園市大溪區介壽路８９２號,(03)3808173,6102,320,2020-10-22
3676,欣康藥局,桃園市大溪區員林路２段３９０－６號,(03)3076310,3924,850,2020-10-22
3677,明仁藥局,桃園市大溪區介壽路８１號１樓,(03)3804832,4077,220,2020-10-22
3678,叡安藥局,桃園市大溪區埔頂路一段４０８號,(03)3893015,3564,390,2020-10-22
3679,大溪藥局,桃園市大溪區康莊路１６０號,(03)3873873,3995,574,2020-10-22
3680,華生藥局,桃園市楊梅區埔心里中興路８９號,(03)4821839,1908,100,2020-10-22
3681,中美藥局,桃園市楊梅區埔心里中興路７７號,(03)4822483,18,320,2020-10-22
3682,弘大藥局,桃園市楊梅區大華街十三號,(03)4751858,2750,792,2020-10-22
3683,佳禾藥局,桃園市楊梅區永美路３３３號,(03)4827805,4014,700,2020-10-22
3684,佑健藥師藥局,桃園市楊梅區中山北路二段一Ｏ八號一樓,(03)4315478,3618,390,2020-10-22
3685,京元藥局,桃園市楊梅區中興路３０號,(03)4829624,864,0,2020-10-22
3686,明禾藥局,桃園市楊梅區楊新北路１３號,(03)4755813,3753,850,2020-10-22
3687,家康藥師藥局,桃園市楊梅區文化街二三二之一號,(03)4810893,1519,708,2020-10-22
3688,德美藥局,桃園市楊梅區中正路８號,(03)2821668,2070,720,2020-10-22
3689,新康藥局,桃園市楊梅區成功路２２之１號二樓,(03)2821766,2528,270,2020-10-22
3690,成安藥局,桃園市楊梅區信義街一六、一八號,(03)4725463,3825,890,2020-10-22
3691,得康美藥局,桃園市楊梅區環南路１２８號１樓,(03)4788128,1902,289,2020-10-22
3692,合康美藥局,桃園市楊梅區中山北路二段７９號,(03)4812598,3267,840,2020-10-22
3693,天乙藥局,桃園市楊梅區新成路２０１號,(03)4756916,4332,290,2020-10-22
3694,瑞溪甯慶藥局,桃園市楊梅區瑞溪路一段２７１號,(03)4311999,1988,708,2020-10-22
3695,佳青藥局,桃園市楊梅區青山五街１６號１樓及地下一樓,(03)2755235,2277,960,2020-10-22
3696,弘安藥局,桃園市楊梅區新農街１５號,(03)4782115,3159,390,2020-10-22
3697,埔心藥局,桃園市楊梅區永美路２２５號,(03)4311539,3042,1030,2020-10-22
3698,宜康美藥局,桃園市楊梅區環東路４５２號,(03)4883805,1953,530,2020-10-22
3699,楊梅丁丁藥局,桃園市楊梅區中山北路二段２２７號,(03)4815486,1953,700,2020-10-22
3700,聖鑫藥局,桃園市楊梅區永美路３８９號１樓,(03)4311995,1350,450,2020-10-22
3701,躍獅天明藥局,桃園市楊梅區大成路１７７號,(03)2888295,3209,1378,2020-10-22
3702,資生楊梅大藥局,桃園市楊梅區楊新路１００號,(03)4636831,3456,1013,2020-10-22
3703,全球埔心大藥局,桃園市楊梅區永美路３９５號,(03)4824839,2061,200,2020-10-22
3704,楊梅藥局,桃園市楊梅區大成路１４８、１５０號,(03)4880776,945,7,2020-10-22
3705,家安藥局,桃園市楊梅區中興路１３２號,(03)4811626,1809,1068,2020-10-22
3706,佳品藥局,桃園市楊梅區大成路１０４號１樓,(03)4752927,2155,1088,2020-10-22
3707,南欣藥師藥局,桃園市蘆竹區錦中里南崁路２０５號,(03)3227038,279,1100,2020-10-22
3708,長榮藥師藥局,桃園市蘆竹區南崁路２１０號,(03)3520589,1107,900,2020-10-22
3709,九德藥局,桃園市蘆竹區中山路６９號,(03)3116868,0,240,2020-10-22
3710,杏洋藥局,桃園市蘆竹區南崁路１３４號,(03)3112799,2636,658,2020-10-22
3711,承安藥局,桃園市蘆竹區光明路一段十四號,(03)3115277,3402,1010,2020-10-22
3712,健康堂藥局,桃園市蘆竹區中正路３５３號,(03)3218828,3555,760,2020-10-22
3713,恆安藥局,桃園市蘆竹區忠孝西路卅六號,(03)2120206,1467,1100,2020-10-22
3714,福興藥局,桃園市蘆竹區大新路１７號,(03)3237217,2239,179,2020-10-22
3715,大吉藥局,桃園市蘆竹區大竹路４３６號,(03)3234375,1602,210,2020-10-22
3716,康而美聖安藥師藥局,桃園市蘆竹區南山路一段二之一號,(03)3228753,3861,980,2020-10-22
3717,大安藥局,桃園市蘆竹區大新路一Ｏ七號,(03)3137380,1053,120,2020-10-22
3718,英登藥局,桃園市蘆竹區南崁路三四四號,(03)2124606,3276,598,2020-10-22
3719,誼康藥局,桃園市蘆竹區奉化路一二六號,(03)3129045,2444,220,2020-10-22
3720,明安藥局,桃園市蘆竹區南竹路一之六號,(03)3527087,2646,1020,2020-10-22
3721,連安藥局,桃園市蘆竹區南崁路一一二號二樓,(03)3522333,1278,919,2020-10-22
3722,樺生藥師藥局,桃園市蘆竹區南崁路９６號,(03)3121821,3014,880,2020-10-22
3723,大竹藥師藥局,桃園市蘆竹區南竹路五段二五九號,(03)3232508,5260,1240,2020-10-22
3724,育境健保藥局,桃園市蘆竹區光明路二段２７２號１樓,(03)2122887,3581,561,2020-10-22
3725,南崁宜安藥師藥局,桃園市蘆竹區南崁路２４８號,(03)3220686,3483,0,2020-10-22
3726,文文藥局,桃園市蘆竹區南崁路１３１號２樓,(03)2129685,3033,160,2020-10-22
3727,奇點藥局,桃園市蘆竹區吉林路67號,(03)3111262,3340,800,2020-10-22
3728,德美藥師藥局,桃園市蘆竹區中山路159號１樓,(03)3125081,3699,939,2020-10-22
3729,上安藥局,桃園市蘆竹區中正路３５７之１號,(03)3219118,3672,1150,2020-10-22
3730,承昇藥局,桃園市蘆竹區桃園街８６號,(03)3211085,4104,260,2020-10-22
3731,喜多福藥局,桃園市蘆竹區山腳里南山路三段２６５號１樓,(03)3240083,2210,870,2020-10-22
3732,宜家藥局,桃園市蘆竹區大竹里大新路１０３號,(03)3236008,3627,550,2020-10-22
3733,竹康藥師藥局,桃園市蘆竹區大竹路５２５號,(03)3139657,4462,516,2020-10-22
3734,南竹健保藥局,桃園市蘆竹區南竹路一段７６號１樓,(03)3526182,3600,984,2020-10-22
3735,大新長青藥師藥局,桃園市蘆竹區大新路４６７號,(03)3131413,4167,790,2020-10-22
3736,全郁藥師藥局,桃園市蘆竹區新莊里大新路４５８、４６０號１樓,(03)3231101,3314,44,2020-10-22
3737,杏安藥局,桃園市蘆竹區大竹路５２９號,(03)3230491,775,439,2020-10-22
3738,知博藥師藥局,桃園市蘆竹區營盤里中山路１６０號,(03)2221886,1178,996,2020-10-22
3739,南崁藥師藥局,桃園市蘆竹區南榮里忠孝西路３號之１樓,(03)3126458,3555,1070,2020-10-22
3740,大葉藥局,桃園市蘆竹區中山路１３２號１樓,(03)3125347,3404,357,2020-10-22
3741,禾泰藥局,桃園市蘆竹區中山路９１號１樓,(03)3530297,4516,1005,2020-10-22
3742,柏霖藥局,桃園市蘆竹區中正路３５９號２樓,(03)2120284,1557,120,2020-10-22
3743,青新藥師藥局,桃園市蘆竹區南竹路五段２５１之１號,(03)3134328,5544,1070,2020-10-22
3744,悅兒藥局,桃園市蘆竹區忠孝西路１８６號,(03)3126967,4545,420,2020-10-22
3745,康維藥局,桃園市蘆竹區仁愛路一段２２號１樓,(03)3125330,2088,190,2020-10-22
3746,奇安藥局,桃園市蘆竹區南昌路２６９號,(03)2120207,3483,1190,2020-10-22
3747,政興藥局,桃園市蘆竹區南昌路２５４號,(03)3215544,3627,390,2020-10-22
3748,民生藥局,桃園市蘆竹區南昌路４５號,(090)6967212,358,1067,2020-10-22
3749,敏新藥局,桃園市蘆竹區海山路１４號,(03)3248202,3951,1020,2020-10-22
3750,青青藥師藥局,桃園市蘆竹區南山路三段３１３號１樓,(03)3240338,0,170,2020-10-22
3751,天康南崁藥局,桃園市蘆竹區南崁路２４５號,(03)2122569,4626,670,2020-10-22
3752,永青健康人生藥局,桃園市蘆竹區奉化路１４２號１樓,(03)3528361,5658,370,2020-10-22
3753,南崁藥局,桃園市蘆竹區中正路２５１、２５３、２５５號,(03)3522022,2370,960,2020-10-22
3754,安祐大藥局,桃園市蘆竹區忠孝西路１９２號,(03)2229195,1297,1100,2020-10-22
3755,辰安藥局,桃園市蘆竹區上興路２１６號１樓,(03)3136631,4716,200,2020-10-22
3756,健力藥局,桃園市蘆竹區奉化路１３６號,(03)2221918,1143,880,2020-10-22
3757,南崁丁丁藥局,桃園市蘆竹區南崁路一段５０號,(03)3115646,891,410,2020-10-22
3758,桃園大竹藥局,桃園市蘆竹區大竹路３６５號,(03)3235959,3641,1200,2020-10-22
3759,銘方大藥局,桃園市大園區大園里中華路３２號,(03)3865077,3528,630,2020-10-22
3760,大園藥局,桃園市大園區中華路４９號,(03)3865034,4568,240,2020-10-22
3761,永固安藥局,桃園市大園區中山南路五六號,(03)3867233,2070,1140,2020-10-22
3762,勝峰藥師藥局,桃園市大園區菓林里３鄰菓林路５１號１樓,(03)3835588,4407,955,2020-10-22
3763,保和大藥局,桃園市大園區大園里中山北路３６號,(03)3867448,0,430,2020-10-22
3764,家宏藥局,桃園市大園區祰林里三民路二段４６６號,(03)3838866,3501,930,2020-10-22
3765,國中藥局,桃園市大園區中山北路１２８號,(03)3852256,4162,525,2020-10-22
3766,唯新藥局,桃園市大園區忠孝一街１１號１樓,(03)3869380,3339,790,2020-10-22
3767,麒安藥局,桃園市大園區新生路８３號,(03)3858368,2204,1210,2020-10-22
3768,菓林村藥局,桃園市大園區菓林里菓林路１００號,(03)3832065,2886,530,2020-10-22
3769,快安藥師藥局,桃園市大園區新生北路４１號,(03)3856896,2664,0,2020-10-22
3770,利安藥局,桃園市大園區新生路１３５號,(03)3853315,2700,1080,2020-10-22
3771,新明藥局,桃園市大園區中華路７７號,(03)3851838,3186,340,2020-10-22
3772,德馨藥局,桃園市大園區中華路７２號,(03)3853586,2783,524,2020-10-22
3773,青埔長青藥師藥局,桃園市大園區新生路四段２５１號,(03)3815097,3461,450,2020-10-22
3774,新資生大園大藥局,桃園市大園區新生路９５、９７號一樓,(03)4636831,3368,60,2020-10-22
3775,輝安大藥局,桃園市龜山區中原街３號,(03)3290636,0,460,2020-10-22
3776,福民藥局,桃園市龜山區山鶯路１０８號,(03)3207779,1926,950,2020-10-22
3777,中聯藥局,桃園市龜山區龜山里中興路一段２７號,(03)3201741,4272,1478,2020-10-22
3778,高田藥師藥局,桃園市龜山區山鶯路７６號,(03)3336363,4032,327,2020-10-22
3779,德佑藥局,桃園市龜山區大崗里新興街２９３號,(03)3283556,538,930,2020-10-22
3780,宏仁藥局,桃園市龜山區萬壽路二段１０９５號,(03)3506590,3861,597,2020-10-22
3781,安康藥局,桃園市龜山區萬壽路二段９５７號一樓,(03)3597032,3051,840,2020-10-22
3782,安得福藥局,桃園市龜山區萬壽路一段２８１號,(02)82001467,9,10,2020-10-22
3783,誠安生活藥局,桃園市龜山區文化七路７９之２號,(03)3271997,99,900,2020-10-22
3784,光峰藥局,桃園市龜山區光峰路６７號,(03)3207630,4068,0,2020-10-22
3785,帕米爾藥局,桃園市龜山區萬壽路二段９９１號,(03)3295522,1665,729,2020-10-22
3786,和信藥局,桃園市龜山區南祥路５８號１樓,(03)2124028,72,420,2020-10-22
3787,德康藥局,桃園市龜山區復興三路３－３號,(03)3186468,2409,822,2020-10-22
3788,桃園龜山藥局,桃園市龜山區萬壽路二段８９６號,(03)3203312,5806,355,2020-10-22
3789,嘉惠中西藥局,桃園市龜山區文化七路７９－１號１樓,(03)3183837,3870,206,2020-10-22
3790,文青藥局,桃園市龜山區文青路２０２號,(03)3270581,2790,786,2020-10-22
3791,百佑藥局,桃園市龜山區中興路一段１８號,(03)3200428,2763,820,2020-10-22
3792,博爾康生活藥局,桃園市龜山區大同路２５０號１樓,(03)3506588,2660,1340,2020-10-22
3793,新資生龜山大藥局,桃園市龜山區大同里自強東路１號,(03)3290429,3494,1320,2020-10-22
3794,佑全藥局,桃園市龜山區幸福三街３１號,(03)3193036,3330,979,2020-10-22
3795,南崁南祥藥局,桃園市龜山區南祥路４６號,(03)2227733,2496,273,2020-10-22
3796,明昌藥局,桃園市龜山區中興里萬壽路二段１１９１－６號,(03)3501205,900,1119,2020-10-22
3797,家和藥局,桃園市龜山區建國東路９７號,(03)3196416,1251,1100,2020-10-22
3798,全興藥局,桃園市龜山區光峰路１５３號１樓,(03)3597901,5514,50,2020-10-22
3799,德亞藥局,桃園市龜山區大同路１號,(03)3198342,2745,1118,2020-10-22
3800,日心藥局,桃園市龜山區文化一路１０巷４１弄１號１樓,(03)3270557,1692,40,2020-10-22
3801,安博氏藥師藥局,桃園市龜山區文青路１８５號１樓,(03)3283185,4276,1069,2020-10-22
3802,佑昌藥局,桃園市龜山區民生北路一段５３４號,(03)3120760,1011,1119,2020-10-22
3803,穩好保健藥局,桃園市龜山區中興路１３７號,(03)3500088,0,260,2020-10-22
3804,長庚藥局,桃園市龜山區文化三路８１巷１號,(03)3181679,0,720,2020-10-22
3805,新資生文青大藥局,桃園市龜山區文青路２０９號,(03)4636831,3354,829,2020-10-22
3806,康旭藥局,桃園市龜山區復興一路２１２巷１７號２樓,(03)3288287,3897,0,2020-10-22
3807,安寶親子藥局,桃園市龜山區文化二路５１號,(03)3281688,3473,185,2020-10-22
3808,躍獅藥聯藥局,桃園市龜山區萬壽路２段９９３號,(03)3591976,3911,709,2020-10-22
3809,左外野藥局,桃園市龜山區文光街６號１樓,(03)3271503,306,670,2020-10-22
3810,泰麟大藥局,桃園市龜山區陸光路９６號,2133728,1024,239,2020-10-22
3811,維康藥局,桃園市龜山區復興一路８８號１樓,(03)3283880,2736,10,2020-10-22
3812,慶昇藥局,桃園市八德區桃鶯路一Ｏ二號,(03)3648037,4449,1044,2020-10-22
3813,厚仁藥局,桃園市八德區大義里永福街１１號,(03)3611071,5733,400,2020-10-22
3814,安慧藥局,桃園市八德區介壽路一段７３３號,(03)3636131,2799,0,2020-10-22
3815,日鴻藥局,桃園市八德區義勇街１７５號,(03)3763304,4095,360,2020-10-22
3816,壽德藥局,桃園市八德區桃德路八十四號,(03)3666350,4293,0,2020-10-22
3817,吉康生活藥局,桃園市八德區義勇街１２０號,(03)3768577,2844,0,2020-10-22
3818,健康中西藥師藥局,桃園市八德區桃鶯路４５號,(03)3638373,2827,479,2020-10-22
3819,信發藥局,桃園市八德區桃鶯路２４號,(03)3669276,4238,590,2020-10-22
3820,八德藥局,桃園市八德區廣褔路一七八號二樓,(03)3761856,594,1056,2020-10-22
3821,瑞誠藥局,桃園市八德區介壽路一段八九八之一號,(03)3669840,4071,614,2020-10-22
3822,上方藥局,桃園市八德區廣褔路一八八號,(03)3635902,1809,199,2020-10-22
3823,新大明藥局,桃園市八德區大明街二一號一樓,(03)3618284,2550,1016,2020-10-22
3824,興豐藥局,桃園市八德區介壽路二段一一七五號,(03)3654229,3861,1180,2020-10-22
3825,佳美大藥局,桃園市八德區介壽路一段六八八號,(03)3772239,3087,740,2020-10-22
3826,家恩藥局,桃園市八德區陸光街４５－１號,(03)3740554,5517,330,2020-10-22
3827,安平藥局,桃園市八德區興豐路６５２號１樓,(03)3732071,3483,1240,2020-10-22
3828,晨鴻藥師藥局,桃園市八德區桃鶯路７號１樓,(03)3764299,3780,987,2020-10-22
3829,我家藥局,桃園市八德區興豐路８３７號,(03)3732736,2267,1212,2020-10-22
3830,環球聯合藥局,桃園市八德區介壽路一段８３１號,(03)3756939,4139,289,2020-10-22
3831,東林藥局,桃園市八德區和義街１３號１樓,(03)3761129,873,310,2020-10-22
3832,佑兒康藥局,桃園市八德區永豐路５７０號,(03)3709680,3619,1119,2020-10-22
3833,成發藥局,桃園市八德區和平路２５０號,(03)3751696,2872,730,2020-10-22
3834,博泰藥局,桃園市八德區介壽路二段９８２號,(03)3731010,4072,739,2020-10-22
3835,新寶樹藥局,桃園市八德區介壽路一段９７４號,(03)3770000,4545,930,2020-10-22
3836,悅康藥局,桃園市八德區介壽路一段９１６號,(03)3662930,36,410,2020-10-22
3837,興豐丁丁藥局,桃園市八德區興豐路４３５號,(03)3689287,0,360,2020-10-22
3838,大躍藥局,桃園市八德區高城里高城路４８號１樓,(03)3786958,3314,201,2020-10-22
3839,誠泰藥局,桃園市八德區大千里東勇街５１－２號,(03)3649340,3924,1041,2020-10-22
3840,第二店廣福藥局,桃園市八德區廣福路９１號,(03)3660848,15,1126,2020-10-22
3841,柚兒藥局,桃園市八德區興仁里豐田三路７９號,(03)3652002,1159,100,2020-10-22
3842,介壽啄木鳥藥局,桃園市八德區介壽路二段１０６８號,(03)3656375,3817,1082,2020-10-22
3843,慈幼藥局,桃園市八德區忠勇六街７號,(03)3749915,902,767,2020-10-22
3844,奇異果藥局,桃園市八德區富城街１１２號,(03)3691764,3561,0,2020-10-22
3845,健民大藥局,桃園市八德區介壽路２段２８２號,(03)3666639,4401,250,2020-10-22
3846,成大藥局,桃園市八德區廣福路１４１號,(03)3661575,3465,180,2020-10-22
3847,嘉家藥局,桃園市八德區介壽路一段７８２號,(03)3749192,1854,230,2020-10-22
3848,鶯康藥局,桃園市八德區桃鶯路９５號,(03)3613624,1242,850,2020-10-22
3849,奕成健保大藥局,桃園市八德區興豐路６７３號１樓,(03)3732113,3024,1080,2020-10-22
3850,杏一八德介壽藥局,桃園市八德區介壽路一段７７１號１樓,(03)3665542,1620,0,2020-10-22
3851,宏昌藥局,桃園市八德區介壽路一段８９０號,(03)3639797,1377,940,2020-10-22
3852,康馥藥局,桃園市八德區金和路５３號１樓,(03)3749620,3877,436,2020-10-22
3853,禎佑示範藥局,桃園市八德區大智路７號,(03)3757241,1089,940,2020-10-22
3854,關西第一藥局,桃園市龍潭區中山里東龍路３０３巷２號,(03)4096375,1925,1098,2020-10-22
3855,博信藥師藥局,桃園市龍潭區中正路１３３號,(03)4895069,3798,370,2020-10-22
3856,全球藥局,桃園市龍潭區龍潭里北龍路１８５號,(03)4802710,3280,584,2020-10-22
3857,悅發藥局,桃園市龍潭區龍元路８６號,(03)4705098,4913,149,2020-10-22
3858,龍大藥局,桃園市龍潭區中正路一六九號,(03)4993793,3853,870,2020-10-22
3859,繕葆藥局,桃園市龍潭區中興路３０９號,(03)4803831,3386,878,2020-10-22
3860,華濟藥師聯合大藥局,桃園市龍潭區中正路136號,(03)4804428,5634,910,2020-10-22
3861,普善藥局,桃園市龍潭區北龍路３３３號,(03)4705877,826,518,2020-10-22
3862,達仁藥局,桃園市龍潭區北龍路２７０號,(03)4095166,5130,500,2020-10-22
3863,康熙藥局,桃園市龍潭區中正路１２８號,(03)4801508,27,580,2020-10-22
3864,弘安育藥局,桃園市龍潭區北龍路一四四號,(03)4808824,4592,752,2020-10-22
3865,１Ｏ１藥師聯合藥局,桃園市龍潭區中正路４４號,(03)4708593,3663,710,2020-10-22
3866,新龍藥局,桃園市龍潭區龍星里東龍路１７５號２樓,(03)4093719,189,1090,2020-10-22
3867,中興藥師藥局,桃園市龍潭區中興路３９９號,(03)4091005,2880,680,2020-10-22
3868,健康社區藥局,桃園市龍潭區中正路２９０號,(03)4992198,3177,250,2020-10-22
3869,全球龍正藥局,桃園市龍潭區中正路２３１號１樓,(03)4899639,3033,180,2020-10-22
3870,龍華藥局,桃園市龍潭區東龍路１６９號,(03)4701489,2908,1021,2020-10-22
3871,承融藥局,桃園市龍潭區中興里中興路２８２號,(03)4095543,3435,0,2020-10-22
3872,大立健保藥局,桃園市龍潭區民族路 １９２號１樓,(03)4093487,4260,513,2020-10-22
3873,愛心藥局,桃園市龍潭區五福街１５巷３號,(03)4706717,1350,320,2020-10-22
3874,龍青藥局,桃園市龍潭區龍青路７２號,(03)4890211,900,740,2020-10-22
3875,佳欣社區藥局,桃園市龍潭區中正路２６２號１樓,(03)4808717,1035,1030,2020-10-22
3876,龍潭北龍藥局,桃園市龍潭區北龍路２７５號,(03)4893123,2640,545,2020-10-22
3877,美和健保藥局,桃園市龍潭區中興路２０７號,(03)4790639,1352,1148,2020-10-22
3878,百年聯和藥局,桃園市龍潭區中豐路３００號,(03)4895268,4310,618,2020-10-22
3879,德聯藥師藥局,桃園市平鎮區龍南路３１號,(03)4603613,3574,1619,2020-10-22
3880,世新藥局,桃園市平鎮區廣泰路７５之２號,(03)4941234,20,498,2020-10-22
3881,北區藥師藥局,桃園市平鎮區中豐路山頂段２９７號,(03)4693629,3280,674,2020-10-22
3882,現代藥局,桃園市平鎮區育達路９６、９８號１樓,(03)4922716,2835,347,2020-10-22
3883,安心藥局,桃園市平鎮區上海路１８８號,(03)4398799,3488,280,2020-10-22
3884,名康藥局,桃園市平鎮區金陵路二段７２號,(03)4577559,3339,550,2020-10-22
3885,閤家康聯合藥局,桃園市平鎮區中豐路山頂段２５６號,(03)4194550,4868,881,2020-10-22
3886,壢新藥局,桃園市平鎮區廣泰路１２６號,(03)4950785,4,630,2020-10-22
3887,龍南藥局,桃園市平鎮區龍南路２００號１樓,(03)4609196,2292,1122,2020-10-22
3888,好的快藥局,桃園市平鎮區和平路１２３號１樓,(03)4574208,3787,2,2020-10-22
3889,全球和平藥局,桃園市平鎮區和平路１６０號１、２樓,(03)4683247,2176,206,2020-10-22
3890,新昕藥局,桃園市平鎮區東社里龍南路９２號１樓,(03)4509616,4197,260,2020-10-22
3891,文化藥局,桃園市平鎮區文化街９２號１樓,(03)4951356,0,280,2020-10-22
3892,唯康藥局,桃園市平鎮區中豐路南勢二段１４４號,(03)4396011,2349,130,2020-10-22
3893,譽達藥局,桃園市平鎮區育達路２４０號１樓,(03)4922990,1285,190,2020-10-22
3894,家樂藥局,桃園市平鎮區中豐路山頂段２７號１樓,(03)4191137,2520,800,2020-10-22
3895,南勢長青藥師藥局,桃園市平鎮區中豐路南勢二段５３１號,(03)4030060,2772,768,2020-10-22
3896,南勢藥局,桃園市平鎮區中豐路南勢二段１０８號,(03)4395663,6084,1620,2020-10-22
3897,天晴藥局,桃園市平鎮區和平路１２５號３樓,(03)4596503,1602,1162,2020-10-22
3898,平鎮中豐藥局,桃園市平鎮區中豐路山頂段１６４號,(03)4690939,3218,605,2020-10-22
3899,日安藥局,桃園市平鎮區復興街１０８號,(03)4916178,0,90,2020-10-22
3900,佳仁藥局,桃園市平鎮區平東路２４３號,(03)4609335,4824,770,2020-10-22
3901,平鎮延平藥局,桃園市平鎮區延平路二段４３０巷７９—１６號,(03)4918187,1845,1099,2020-10-22
3902,晨安藥局,桃園市平鎮區振興西路99號,(03)4925202,0,230,2020-10-22
3903,信泰藥局,桃園市平鎮區南豐路３３號,(03)4695253,4509,190,2020-10-22
3904,建德藥局,桃園市平鎮區北勢里金陵路１０３號,(03)4686662,2194,1195,2020-10-22
3905,大益藥局,桃園市平鎮區金陵路２２４號,(03)4578962,3402,60,2020-10-22
3906,天健示範藥局,桃園市平鎮區文化街２５２號,(03)4937169,3662,938,2020-10-22
3907,鼎祥藥局,桃園市平鎮區關爺北路四二號,(03)4679124,0,1100,2020-10-22
3908,優達藥局,桃園市平鎮區廣明路六六號,(03)4943488,2998,312,2020-10-22
3909,新英藥局,桃園市平鎮區中豐路208號1樓,(03)4687729,3804,102,2020-10-22
3910,康健複合式連鎖藥局,桃園市平鎮區金陵路三段９１號,(03)4684601,5013,510,2020-10-22
3911,瑞瑄社區大藥局,桃園市平鎮區中豐路南勢二段１６２號,(03)4396205,4158,270,2020-10-22
3912,美樂蒂藥局,桃園市平鎮區民族路二三七號二樓,(03)4023131,2502,580,2020-10-22
3913,宏興藥局,桃園市新屋區新生里中山路４０８號,(03)4773181,5825,364,2020-10-22
3914,新屋藥局,桃園市新屋區中華路２９４號,(03)4971008,1984,106,2020-10-22
3915,吉利藥師藥局,桃園市觀音區富源里新富路１７０５號,(03)4901701,5653,110,2020-10-22
3916,金永生藥局,桃園市觀音區觀音里甘泉街７號,(03)4732072,2484,840,2020-10-22
3917,新惠安藥局,桃園市觀音區崙坪里忠愛路一段３３號,(03)4981650,2909,130,2020-10-22
3918,廣福藥局,桃園市觀音區新坡里新生路４１號,(03)4984488,2254,0,2020-10-22
3919,東尼藥局,桃園市觀音區觀音里中正路２２０號,(03)4734567,2335,630,2020-10-22
3920,合春藥局,桃園市觀音區新坡里新生路４６號,(03)4982300,4581,190,2020-10-22
3921,國際藥局,桃園市觀音區草漯里新生路1547號,(03)4834475,306,268,2020-10-22
3922,松樹藥師藥局,桃園市觀音區中山路二段777號,(03)4988995,3783,17,2020-10-22
3923,德洋藥局,桃園市觀音區中山路二段九三九號,(03)4980527,527,981,2020-10-22
3924,弘宗藥局,桃園市觀音區中山路１５號,(03)4735659,4346,666,2020-10-22
3925,甘泉藥局,桃園市觀音區中正路２４２號,(03)4738659,756,0,2020-10-22
3926,福星藥局,桃園市觀音區大觀路二段２１３號１樓,(03)4389138,3276,1288,2020-10-22
3927,日昇藥局,桃園市觀音區成功路一段７８１號,(03)4834212,1350,870,2020-10-22
3928,德怡藥局,桃園市復興區澤仁里忠孝路３４號,(03)3821686,1623,1098,2020-10-22
